Order ID,Order Date,Region,Category,Sub-Category,Customer Name,Sales,Profit,Quantity
101,2024-01-15,North,Furniture,Chairs,Alice,2500,400,5
102,2024-02-10,South,Office Supplies,Paper,Bob,300,50,10
103,2024-03-05,East,Technology,Phones,Charlie,1200,200,3
104,2024-03-22,West,Furniture,Tables,Daisy,1800,300,4
105,2024-04-14,North,Technology,Accessories,Ethan,950,150,2
106,2024-04-30,South,Office Supplies,Binders,Fiona,450,60,6
107,2024-05-18,East,Furniture,Bookcases,George,1500,250,3
108,2024-06-01,West,Technology,Copiers,Hannah,2200,330,1
